{
  "total_trades": 11,
  "wins": 0,
  "losses": 11,
  "win_rate": 0.0,
  "total_pnl": -1.8600000000000017,
  "avg_win": 0.0,
  "avg_loss": -0.16909090909090924,
  "max_drawdown": 1.8600000000000017,
  "sharpe_ratio": -4.6734258409553355,
  "profit_factor": 0.0,
  "expectancy": -0.16909090909090924,
  "equity_curve": [
    0.0,
    -0.06000000000000005,
    -0.2400000000000002,
    -0.4200000000000004,
    -0.6000000000000005,
    -0.7800000000000007,
    -0.9600000000000009,
    -1.140000000000001,
    -1.3200000000000012,
    -1.5000000000000013,
    -1.6800000000000015,
    -1.8600000000000017
  ],
  "strategy_name": "macd_classic"
}